<?xml version="1.0" encoding="UTF-8"?>
<project-private xmlns="http://www.netbeans.org/ns/project-private/1">
    <editor-bookmarks xmlns="http://www.netbeans.org/ns/editor-bookmarks/2" lastBookmarkId="0"/>
    <open-files xmlns="http://www.netbeans.org/ns/projectui-open-files/2">
        <group>
            <file>file:/Users/Charlotte/Desktop/TextToSpeech/texttospeach.php</file>
            <file>file:/Users/Charlotte/Desktop/TextToSpeech/index.php</file>
            <file>file:/Users/Charlotte/Desktop/TextToSpeech/texttospeachform.php</file>
            <file>file:/Users/Charlotte/Desktop/TextToSpeech/audio.min.js</file>
            <file>file:/Users/Charlotte/Desktop/TextToSpeech/texttospeech.js</file>
        </group>
    </open-files>
</project-private>
