<avatars>
<avatar voice="" key="avatar_LhFNnFLM" tags="" url="/media/LhFNnFLM.swf" streamname="" dateTime="30/08/13 @ 08:50 AM" width="306" streamserver="" medium="" file="LhFNnFLM.swf" height="52" uploader="admin" thumbnail="/media/thumb/LhFNnFLM.jpg" name="dermo1">
</avatar>
<avatar voice="ked" key="avatar_mrYzhHEo" tags="" url="library:mrYzhHEo:VideoOverlay" streamname="demo" dateTime="30/08/13 @ 12:52 PM" width="" streamserver="rtmp://upstage.aut.ac.nz/oflaDemo" medium="stream" file="library:mrYzhHEo:VideoOverlay" height="" uploader="admin" thumbnail="library:IX71fw88:IconLiveStream" name="TestStreamSeach">
</avatar>
<avatar voice="" key="avatar_L6VttL9D" tags="" url="/media/L6VttL9D.swf" streamname="" dateTime="30/08/13 @ 08:50 AM" width="15" streamserver="" medium="" file="L6VttL9D.swf" height="26" uploader="admin" thumbnail="/media/thumb/L6VttL9D.jpg" name="test1">
</avatar>
<avatar voice="bud" key="avatar_ej2IzW0C" tags="" url="/media/ej2IzW0C.swf" streamname="" dateTime="30/08/13 @ 08:51 AM" width="15" streamserver="" medium="" file="ej2IzW0C.swf" height="26" uploader="admin" thumbnail="/media/thumb/ej2IzW0C.jpg" name="dsfadhdfh">
</avatar>
<avatar voice="bud" key="avatar_uhtCBHKJ" tags="" url="/media/uhtCBHKJ.swf" streamname="" dateTime="30/08/13 @ 05:34 PM" width="1024" streamserver="" medium="" file="uhtCBHKJ.swf" height="640" uploader="admin" thumbnail="/media/thumb/uhtCBHKJ.jpg" name="lisa Test">
</avatar>
<avatar voice="awb_cmu" key="avatar_BMaE83ry" tags="dfdfd" url="/media/BMaE83ry.swf" streamname="" dateTime="27/05/13 @ 05:56 PM" width="1024" streamserver="" medium="" file="BMaE83ry.swf" height="768" uploader="admin" thumbnail="/media/thumb/BMaE83ry.jpg" name="fdfd12">
</avatar>
</avatars>